{
    "model_name": "AdaBoost",
    "best_params": {
        "n_estimators": 200,
        "learning_rate": 0.5
    },
    "cv_score": 0.9517923885564834,
    "train_accuracy": 1.0,
    "test_accuracy": 0.8934862761163458,
    "precision": 0.6425233644859814,
    "recall": 0.7198952879581152,
    "f1_score": 0.6790123456790124,
    "timestamp": "2026-07-08 17:33:52",
    "selection_metric": "best_score"
}